{"mse": 3.335573433854996, "mae": 1.2479650682383658, "r2": 0.9689925462066384}