{"report": {"0": {"precision": 0.8703171432747113, "recall": 0.9858364756736872, "f1-score": 0.9244820864885378, "support": 54365.0}, "1": {"precision": 0.5812941816204459, "recall": 0.1180563224737714, "f1-score": 0.1962548191665137, "support": 9055.0}, "accuracy": 0.8619362976978872, "macro avg": {"precision": 0.7258056624475786, "recall": 0.5519463990737292, "f1-score": 0.5603684528275258, "support": 63420.0}, "weighted avg": {"precision": 0.8290509351734914, "recall": 0.8619362976978872, "f1-score": 0.8205070327893746, "support": 63420.0}}}